Treatment,Feature,ATT,SE,z,p_value,CI_lower,CI_upper,N_treated,N_control
Semi-Finalist,GDP,0.20698039091794712,0.20166679644145885,1.0263483854072664,0.3047273978458871,-0.18828653010731222,0.6022473119432065,22,254
