Treatment,Feature,ATT,SE,z,p_value,CI_lower,CI_upper,N_treated,N_control
Underperformer,GDP,0.7626352079342787,0.6881769070742079,1.1081964536947793,0.2677769820560991,-0.5861915299311687,2.1114619457997263,11,261
Underperformer,Private consumption,0.40960974475984513,0.23437455710693755,1.7476715468435142,0.0805209184633302,-0.049764387169752455,0.8689838766894427,10,259
Underperformer,Government consumption,0.5698100622632575,0.6354950961238729,0.8966395897289318,0.3699112655186545,-0.6757603261395334,1.8153804506660483,10,259
Underperformer,Gross fixed capital formation,2.5664127571669755,1.9668453486799793,1.304837087923251,0.1919483272608251,-1.288604126245784,6.421429640579735,10,259
Underperformer,Exports,-1.2899570559205669,1.4345052489914834,-0.8992348106271902,0.36852760211408264,-4.101587343943875,1.5216732321027406,10,259
Underperformer,Imports,2.147075161476111,1.1053742881996338,1.9423965116586313,0.0520891172808986,-0.019458443395171,4.313608766347393,10,259
