Feature,ATT,SE,z,p_value,CI_lower,CI_upper
GDP,0.5269101641564289,0.28346193494308064,1.858839227433598,0.0630499303544465,-0.028675228332009195,1.0824955566448669
Private consumption,-0.21157691732619,0.3292076135066071,-0.6426853713149125,0.5204282750840661,-0.8568238397991399,0.4336700051467599
Government consumption,-0.33058862246647686,0.6118156843224674,-0.5403402216348457,0.5889624248992451,-1.5297473637385128,0.868570118805559
Gross fixed capital formation,1.2507941192468865,1.0822739311134977,1.1557093664447844,0.2478000556826374,-0.8704627857355689,3.372051024229342
Exports,4.769210223344285,3.7187568782805287,1.2824743266221432,0.19967630541899895,-2.5195532580855513,12.05797370477412
Imports,-0.24748212259590563,1.1007588132243238,-0.22482865421807094,0.8221125738390556,-2.4049693965155803,1.910005151323769
