Feature,ATT,SE,z,p_value,CI_lower,CI_upper
GDP,0.5269101641564289,0.27382401320830146,1.9242657281324758,0.0543212840891929,-0.009784901731841988,1.0636052300446996
Private consumption,-0.21157691732619,0.3378288705010515,-0.6262842989481311,0.531128482962848,-0.8737215035082508,0.45056766885587085
Government consumption,-0.33058862246647686,0.5914641413743827,-0.5589326543081538,0.5762076826855167,-1.4898583395602671,0.8286810946273133
Gross fixed capital formation,1.2507941192468865,1.1195844361002323,1.1171949867431952,0.2639109636678494,-0.9435913755095688,3.445179614003342
Exports,4.769210223344285,3.989443176379417,1.1954576146319593,0.23190828692024779,-3.0500984023593727,12.588518849047942
Imports,-0.24748212259590563,1.1693304660034054,-0.21164429542468186,0.8323845492911204,-2.5393698359625803,2.044405590770769
