Outcome,ATT_pp,SE,CI_lower,CI_upper,z_stat,p_value
GDP,0.5435609889587655,0.30882526723692577,-0.061736534825609035,1.14885851274314,1.7600923454937196,0.07839215041742298
Final_consumption,-0.06278069427915467,0.2606510963338604,-0.573656843093521,0.4480954545352117,-0.2408610405334367,0.8096628184181074
Gross_fixed_capital_formation,1.0264727749186355,1.0867742793315434,-1.1036048125711893,3.1565503624084603,0.9445133128748702,0.3449074020435412
Exports,5.072952052596534,4.512923802931486,-3.7723786011491782,13.918282706342247,1.1240943286703104,0.26097301100809567
Imports,-0.5828599623728734,1.0746460854843733,-2.689166289922245,1.5234463651764982,-0.5423738756840695,0.5875609726811084
